<?xml version="1.0" encoding="UTF-8"?>
<beans xmlns="http://www.springframework.org/schema/beans"
       xmlns:xsi="http://www.w3.org/2001/XMLSchema-instance"
       xmlns:tx="http://www.springframework.org/schema/tx"
       xmlns:aop="http://www.springframework.org/schema/aop"
       xsi:schemaLocation="http://www.springframework.org/schema/beans
  http://www.springframework.org/schema/beans/spring-beans.xsd
  http://www.springframework.org/schema/context
  http://www.springframework.org/schema/context/spring-context.xsd
  http://www.springframework.org/schema/tx
  http://www.springframework.org/schema/tx/spring-tx.xsd
  http://www.springframework.org/schema/aop
  http://www.springframework.org/schema/aop/spring-aop.xsd"
       xmlns:context="http://www.springframework.org/schema/context"
       xmlns:p="http://www.springframework.org/schema/p"
>
    <!--包扫描-->
    <context:component-scan base-package="dao"/>
    <context:component-scan base-package="service"/>
    <context:component-scan base-package="web"/>
    <!-- 配置数据源 -->

    <bean id="dataSource" class="org.apache.commons.dbcp.BasicDataSource">
        <property name="driverClassName"><value>com.mysql.jdbc.Driver</value></property>
        <property name="url"><value>jdbc:mysql://localhost:3306/web1</value></property>
        <property name="username"><value>root</value></property>
        <property name="password"><value>123</value></property>
    </bean>
    <!-- 配置Jdbc模板 -->
    <bean class="org.springframework.jdbc.core.JdbcTemplate"
          id="jdbcTemplate" p:dataSource-ref="dataSource"/>
    <bean id="transactionManager"
          class="org.springframework.jdbc.datasource.DataSourceTransactionManager"
          p:dataSource-ref="dataSource"/>


</beans>